domain_family,gene_id,contig,gene_start,gene_end,strand
PF12796,WBGene00075356,Crem_Contig2002,416,4984,-
PF12796,WBGene00073146,Crem_Contig65,399237,407403,-
PF12796,WBGene00056126,Crem_Contig4,1388780,1397022,+
PF12796,WBGene00059223,Crem_Contig18,626325,636798,-
PF12796,WBGene00055917,Crem_Contig12,1432840,1436383,-
PF12796,WBGene00075750,Crem_Contig1722,3565,8031,+
PF12796,WBGene00063606,Crem_Contig33,40816,43743,+
PF12796,WBGene00062092,Crem_Contig3,312563,321573,+
PF12796,WBGene00074025,Crem_Contig1309,27,6898,+
PF12796,WBGene00062514,Crem_Contig20,716727,723744,+
PF12796,WBGene00076308,Crem_Contig67,49399,51195,+
PF12796,WBGene00066352,Crem_Contig1815,188,1625,-
PF12796,WBGene00069705,Crem_Contig166,136215,149461,-
PF12796,WBGene00064849,Crem_Contig47,321049,324220,+
PF12796,WBGene00058055,Crem_Contig3,1060641,1064177,+
PF12796,WBGene00054804,Crem_Contig7,649275,652784,+
PF12796,WBGene00056324,Crem_Contig4,581701,591049,+
PF12796,WBGene00074935,Crem_Contig482,4362,6696,+
PF12796,WBGene00058804,Crem_Contig43,692578,695197,-
PF12796,WBGene00073712,Crem_Contig1096,6716,10380,+
PF12796,WBGene00063988,Crem_Contig61,116924,120534,+
PF12796,WBGene00062595,Crem_Contig20,1013526,1015854,+
PF12796,WBGene00060164,Crem_Contig24,311882,321100,-
PF12796,WBGene00070597,Crem_Contig306,27616,60900,+
PF12796,WBGene00067014,Crem_Contig94,154744,165034,-
PF12796,WBGene00065362,Crem_Contig66,356854,357968,-
PF12796,WBGene00055276,Crem_Contig239,1026,7153,-
PF12796,WBGene00079816,Crem_Contig16,318443,322178,+
PF12796,WBGene00055268,Crem_Contig239,33840,42710,+
PF12796,WBGene00056368,Crem_Contig4,437120,438662,+
PF12796,WBGene00057056,Crem_Contig89,254478,271605,+
PF12796,WBGene00059771,Crem_Contig25,603419,609804,+
PF12796,WBGene00059868,Crem_Contig9,1390161,1391137,+
PF12796,WBGene00065525,Crem_Contig72,253000,255958,+
PF12796,WBGene00066282,Crem_Contig67,351086,352763,-
PF12796,WBGene00079989,Crem_Contig16,408401,410981,+
PF12796,WBGene00081238,Crem_Contig2114,1374,2286,+
PF12796,WBGene00063522,Crem_Contig33,474617,482164,+
PF12796,WBGene00073317,Crem_Contig531,22329,25913,+
PF12796,WBGene00066053,Crem_Contig65,460024,462565,-
PF12796,WBGene00085221,Crem_Contig7,643957,648860,+
PF12796,WBGene00063092,Crem_Contig40,530897,533795,-
PF12796,WBGene00053559,Crem_Contig1,1845121,1850366,+
PF12796,WBGene00061666,Crem_Contig28,161963,163476,+
PF12796,WBGene00052333,Crem_Contig5,394615,402888,+
PF12796,WBGene00058633,Crem_Contig27,740010,745934,+
PF12796,WBGene00081923,Crem_Contig255,23784,30417,-
PF12796,WBGene00065349,Crem_Contig66,404488,407142,+
PF12796,WBGene00064542,Crem_Contig127,146,1423,-
PF12796,WBGene00070548,Crem_Contig62,406639,413792,-
PF12796,WBGene00074711,Crem_Contig1692,2745,5424,+
PF12796,WBGene00068701,Crem_Contig20,258467,261147,-
PF12796,WBGene00064247,Crem_Contig9,398045,402916,-
PF12796,WBGene00083992,Crem_Contig4715,242,3282,+
PF12796,WBGene00085062,Crem_Contig67,55801,58268,+
PF12796,WBGene00052441,Crem_Contig5,843800,847354,-
PF12796,WBGene00074095,Crem_Contig865,14490,19948,+
PF12796,WBGene00058152,Crem_Contig15,1771542,1772031,-
PF12796,WBGene00064569,Crem_Contig88,123217,133312,+
PF12796,WBGene00068975,Crem_Contig139,202364,207333,-
PF12796,WBGene00065574,Crem_Contig71,137414,143259,+
PF12796,WBGene00059029,Crem_Contig8,475887,479443,-
PF12796,WBGene00059446,Crem_Contig19,248582,252583,-
PF12796,WBGene00086040,Crem_Contig872,9,3056,-
PF12796,WBGene00058403,Crem_Contig15,504845,514473,-
PF12796,WBGene00067264,Crem_Contig174,138904,144872,-
PF12796,WBGene00056366,Crem_Contig4,440689,449244,+
PF12796,WBGene00055802,Crem_Contig12,947136,954948,+
PF12796,WBGene00053757,Crem_Contig1,973889,976286,+
PF12796,WBGene00074018,Crem_Contig1413,4126,8355,-
PF12796,WBGene00062063,Crem_Contig3,173969,176501,+
PF12796,WBGene00055433,Crem_Contig10,1371080,1373190,-
PF12796,WBGene00062316,Crem_Contig36,107627,110052,+
PF12796,WBGene00066764,Crem_Contig135,127909,136877,-
PF12796,WBGene00067048,Crem_Contig115,269232,273692,-
PF12796,WBGene00071038,Crem_Contig229,3712,10865,+
PF12796,WBGene00073122,Crem_Contig575,6479,10724,+
PF12796,WBGene00055885,Crem_Contig12,1259918,1260958,-
PF12796,WBGene00066771,Crem_Contig135,200945,207805,-
PF12796,WBGene00062061,Crem_Contig3,163136,167121,+
PF12796,WBGene00057260,Crem_Contig82,205685,218634,-
PF12796,WBGene00068094,Crem_Contig14,799105,803703,-
PF12796,WBGene00079967,Crem_Contig16,181043,184745,-
PF12796,WBGene00052386,Crem_Contig5,629798,634517,+
PF00439,WBGene00070301,Crem_Contig142,149444,166474,+
PF00439,WBGene00058440,Crem_Contig15,260210,266566,+
PF00439,WBGene00056108,Crem_Contig4,1447448,1453495,+
PF00439,WBGene00060388,Crem_Contig11,295337,299389,+
PF00439,,,,,
PF00439,,,,,
PF00439,WBGene00060265,Crem_Contig24,751110,753750,-
PF00439,WBGene00055028,Crem_Contig7,1467911,1475330,-
PF00439,WBGene00069902,Crem_Contig255,62436,68786,+
PF00439,WBGene00062191,Crem_Contig39,586248,604663,-
PF00439,WBGene00066767,Crem_Contig135,176539,185416,-
PF00439,WBGene00056451,Crem_Contig4,122859,126089,-
PF00439,WBGene00066147,Crem_Contig74,329156,334465,-
PF00439,WBGene00059146,Crem_Contig18,1002048,1006788,-
PF00439,WBGene00075291,Crem_Contig1835,3880,5478,-
PF00439,WBGene00062536,Crem_Contig20,773543,778208,+
PF00439,WBGene00079199,Crem_Contig1373,12773,15071,-
PF00439,WBGene00066309,Crem_Contig67,225773,230083,+
PF00439,WBGene00068417,Crem_Contig106,284657,296118,-
PF00439,WBGene00057315,Crem_Contig17,940276,946275,+
PF00385,WBGene00060127,Crem_Contig24,67706,69585,+
PF00385,WBGene00070761,Crem_Contig182,78633,106473,+
PF00385,WBGene00070936,Crem_Contig188,13932,14674,-
PF00385,WBGene00058869,Crem_Contig8,1171243,1177130,+
PF00385,WBGene00058752,Crem_Contig43,396690,398057,-
PF00385,WBGene00070920,Crem_Contig149,119871,123280,+
PF00385,WBGene00060432,Crem_Contig11,472591,483398,-
PF00385,WBGene00055817,Crem_Contig12,993805,996016,-
PF00385,WBGene00057701,Crem_Contig51,441214,442563,-
PF00385,WBGene00062965,Crem_Contig40,58090,60048,-
PF00385,WBGene00074443,Crem_Contig1243,34,904,-
PF00385,WBGene00078365,Crem_Contig1096,352,2706,-
PF00385,WBGene00062453,Crem_Contig20,460565,462305,-
PF00385,WBGene00063985,Crem_Contig61,108526,112889,-
PF00385,WBGene00081057,Crem_Contig20,458236,459527,+
PF00385,WBGene00062358,Crem_Contig36,297652,299634,+
PF00385,WBGene00078054,Crem_Contig10,1419112,1421022,-
PF00385,WBGene00063462,Crem_Contig10,342223,342492,-
PF00385,WBGene00075313,Crem_Contig852,5174,6244,+
PF00385,WBGene00055250,Crem_Contig97,264580,265650,-
PF00385,WBGene00067663,Crem_Contig116,168856,171451,-
PF00385,WBGene00068168,Crem_Contig104,190044,191525,-
PF00385,WBGene00067637,Crem_Contig100,306,1361,+
PF00385,WBGene00065476,Crem_Contig72,58478,59959,+
PF00498,WBGene00062297,Crem_Contig36,27977,29208,+
PF00498,WBGene00065681,Crem_Contig49,408540,410566,+
PF00498,WBGene00055018,Crem_Contig7,1437897,1440458,-
PF00498,WBGene00053500,Crem_Contig1,2091575,2092962,+
PF00498,WBGene00059911,Crem_Contig9,1235436,1236529,+
PF00498,WBGene00060914,Crem_Contig34,225406,227624,+
PF00498,WBGene00062261,Crem_Contig39,47135,55269,-
PF00498,WBGene00066371,Crem_Contig79,17734,29934,-
PF12330,WBGene00062713,Crem_Contig1239,5057,7306,+
PF12330,WBGene00074747,Crem_Contig19,1101313,1104595,-
PF00271,WBGene00061637,Crem_Contig28,42003,43596,-
PF00271,WBGene00057091,Crem_Contig89,91356,94072,-
PF00271,WBGene00060472,Crem_Contig11,606416,614890,-
PF00271,WBGene00054918,Crem_Contig7,1079046,1081466,+
PF00271,WBGene00052951,Crem_Contig13,388359,391794,-
PF00271,WBGene00064200,Crem_Contig491,5720,11722,+
PF00271,WBGene00077354,Crem_Contig80,288573,290126,+
PF00271,WBGene00060916,Crem_Contig34,230801,232306,-
PF00271,WBGene00083829,Crem_Contig4456,1259,2837,+
PF00271,WBGene00066573,Crem_Contig11,1145380,1146763,+
PF00271,WBGene00056181,Crem_Contig4,1131093,1134067,+
PF00271,WBGene00072733,Crem_Contig86,13128,27000,-
PF00271,WBGene00059622,Crem_Contig11,134606,137230,-
PF00271,WBGene00055575,Crem_Contig12,159303,173470,+
PF00271,WBGene00057541,Crem_Contig17,117997,119745,-
PF00271,WBGene00052851,Crem_Contig13,81903,85288,+
PF00271,WBGene00062189,Crem_Contig39,617929,619790,-
PF00271,WBGene00055108,Crem_Contig7,1776076,1777705,+
PF00271,WBGene00062310,Crem_Contig36,80066,85366,-
PF00271,WBGene00073205,Crem_Contig893,5963,16084,-
PF00271,WBGene00060104,Crem_Contig9,497947,499961,+
PF00271,WBGene00056273,Crem_Contig4,781757,784500,+
PF00271,WBGene00054843,Crem_Contig7,827913,831016,-
PF00271,WBGene00053875,Crem_Contig1,488184,490641,-
PF00271,WBGene00059909,Crem_Contig9,1238517,1240871,-
PF00271,WBGene00072772,Crem_Contig567,2542,10733,+
PF00271,WBGene00055158,Crem_Contig7,2040165,2042710,+
PF00271,WBGene00053279,Crem_Contig1,2894040,2898138,+
PF00271,WBGene00084817,Crem_Contig6,1479517,1483444,-
PF00271,WBGene00065341,Crem_Contig66,441586,443829,+
PF00271,WBGene00066008,Crem_Contig128,69659,75248,-
PF00271,WBGene00063499,Crem_Contig10,102461,104463,-
PF00271,WBGene00071177,Crem_Contig47,428816,430812,-
PF00271,WBGene00075984,Crem_Contig5276,240,1553,+
PF00271,WBGene00055754,Crem_Contig12,781860,785320,-
PF00271,WBGene00062536,Crem_Contig20,773543,778208,+
PF00271,WBGene00066147,Crem_Contig74,329156,334465,-
PF00271,WBGene00059146,Crem_Contig18,1002048,1006788,-
PF00271,WBGene00051852,Crem_Contig0,3230478,3245668,+
PF00271,WBGene00061604,Crem_Contig21,131981,137568,+
PF00271,WBGene00055361,Crem_Contig10,1025565,1032112,-
PF00271,WBGene00058869,Crem_Contig8,1171243,1177130,+
PF00271,WBGene00060432,Crem_Contig11,472591,483398,-
PF00271,WBGene00075697,Crem_Contig1676,128,7492,+
PF00271,WBGene00053280,Crem_Contig1,2887830,2892551,-
PF00271,WBGene00078560,Crem_Contig115,220399,224250,+
PF00271,WBGene00071758,Crem_Contig280,29762,35816,+
PF00271,WBGene00059796,Crem_Contig25,744948,748056,-
PF00271,WBGene00053636,Crem_Contig1,1561290,1566922,+
PF00271,WBGene00067064,Crem_Contig704,13192,16579,-
PF00271,WBGene00070866,Crem_Contig143,129931,143127,+
PF00271,WBGene00073347,Crem_Contig1350,3187,7668,-
PF00271,WBGene00063852,Crem_Contig126,114732,119135,-
PF00271,WBGene00074205,Crem_Contig704,8912,11252,-
PF00271,WBGene00065562,Crem_Contig71,23126,43971,+
PF00271,WBGene00067063,Crem_Contig115,224725,229679,+
PF00271,WBGene00061842,Crem_Contig35,660521,683378,-
PF00271,WBGene00059935,Crem_Contig9,1144062,1148076,+
PF00271,WBGene00070262,Crem_Contig200,53482,57974,-
PF00271,WBGene00066639,Crem_Contig96,17,3561,+
PF00271,WBGene00059150,Crem_Contig18,986388,990036,+
PF00271,WBGene00058820,Crem_Contig8,1387688,1389458,+
PF00271,WBGene00057373,Crem_Contig17,740990,745644,+
PF00271,WBGene00079961,Crem_Contig16,196380,201982,+
PF00271,WBGene00060430,Crem_Contig11,459995,464642,-
PF00271,WBGene00060071,Crem_Contig9,605405,609031,-
PF00271,WBGene00064897,Crem_Contig47,120837,126161,-
PF00271,WBGene00063046,Crem_Contig40,355845,358597,+
PF00271,WBGene00063077,Crem_Contig40,471545,475524,-
PF00271,WBGene00062542,Crem_Contig20,790395,793180,+
PF00271,WBGene00074099,Crem_Contig1611,2628,5413,+
PF00271,WBGene00069291,Crem_Contig235,115256,120130,-
PF00271,WBGene00054980,Crem_Contig7,1322421,1326146,+
PF00271,WBGene00055471,Crem_Contig10,1514393,1516871,+
PF00271,WBGene00054450,Crem_Contig6,212411,217558,-
PF00271,WBGene00055643,Crem_Contig12,397397,399949,+
PF00271,WBGene00070761,Crem_Contig182,78633,106473,+
PF00271,WBGene00069262,Crem_Contig137,171500,184727,-
PF00271,WBGene00066607,Crem_Contig11,1313816,1318916,+
PF00271,WBGene00055548,Crem_Contig12,70589,76240,-
PF00271,WBGene00061333,Crem_Contig32,470209,492742,+
PF00271,WBGene00077051,Crem_Contig1610,1071,5181,-
PF00271,WBGene00062663,Crem_Contig49,110018,113892,+
PF00271,WBGene00067096,Crem_Contig115,51985,57974,-
PF00271,WBGene00073538,Crem_Contig731,3754,9745,-
PF01498,WBGene00081728,Crem_Contig24,521271,521724,+
PF01498,WBGene00082189,Crem_Contig2756,1583,2404,-
PF01498,WBGene00069739,Crem_Contig318,37414,38418,-
PF01498,WBGene00065162,Crem_Contig37,206553,207586,-
PF01498,WBGene00055319,Crem_Contig10,814484,815517,+
PF01498,WBGene00079391,Crem_Contig140,75526,76057,+
PF01498,WBGene00070922,Crem_Contig149,99021,100055,-
PF01498,WBGene00082158,Crem_Contig2719,3973,4410,+
PF01498,WBGene00082278,Crem_Contig2840,2413,3446,+
PF01498,WBGene00059688,Crem_Contig42,412970,413947,-
PF01498,WBGene00082701,Crem_Contig315,7386,8419,-
PF02902,WBGene00068832,Crem_Contig268,68842,75137,-
PF02902,WBGene00056192,Crem_Contig4,1079916,1081170,+
PF02902,WBGene00080225,Crem_Contig17,395812,400624,+
PF02902,WBGene00053792,Crem_Contig1,821357,824721,-
PF02902,WBGene00073048,Crem_Contig48,167736,173903,+
PF02902,WBGene00068466,Crem_Contig55,461232,466086,-
PF02902,WBGene00081075,Crem_Contig201,97354,97752,+
PF02902,WBGene00069749,Crem_Contig136,51469,56295,-
PF02902,WBGene00073489,Crem_Contig526,46267,47980,-
PF02902,WBGene00080280,Crem_Contig1715,752,2673,+
PF02902,WBGene00073963,Crem_Contig2208,35,3757,-
PF02902,WBGene00085476,Crem_Contig743,9,3791,-
PF02902,WBGene00079676,Crem_Contig1520,449,5548,+
PF02902,WBGene00058585,Crem_Contig261,5,2598,-
PF02902,WBGene00052730,Crem_Contig5,1818989,1821988,+
PF02902,WBGene00070882,Crem_Contig269,69440,74602,+
PF02902,WBGene00078640,Crem_Contig1174,1738,5253,+
PF02902,WBGene00071173,Crem_Contig136,246333,248698,-
PF02902,WBGene00082079,Crem_Contig261,67801,72406,-
PF02902,WBGene00078307,Crem_Contig1066,1700,5941,+
PF02902,WBGene00072445,Crem_Contig48,433636,440860,+
PF00628,WBGene00055550,Crem_Contig12,78369,80543,+
PF00628,WBGene00061057,Crem_Contig26,628565,633424,+
PF00628,,,,,
PF00628,,,,,
PF00628,WBGene00058869,Crem_Contig8,1171243,1177130,+
PF00628,WBGene00066767,Crem_Contig135,176539,185416,-
PF00628,WBGene00055887,Crem_Contig12,1263639,1272412,+
PF00628,WBGene00055837,Crem_Contig12,1076104,1081673,+
PF00628,WBGene00062489,Crem_Contig20,626029,631448,+
PF00628,WBGene00064684,Crem_Contig30,112391,114293,-
PF00628,WBGene00062488,Crem_Contig20,620423,624054,+
PF00628,WBGene00063249,Crem_Contig45,201123,209089,-
PF00628,WBGene00078409,Crem_Contig11,1303012,1305541,-
PF00628,WBGene00055189,Crem_Contig97,39549,46773,-
PF00628,WBGene00062311,Crem_Contig36,90860,96364,+
PF00628,WBGene00053092,Crem_Contig13,860971,862259,+
PF00628,WBGene00071981,Crem_Contig456,1014,9257,+
PF00628,WBGene00080618,Crem_Contig1899,1726,6919,+
PF00069,WBGene00064237,Crem_Contig9,450309,455849,-
PF00069,WBGene00070022,Crem_Contig82,76566,85390,+
PF00069,WBGene00059103,Crem_Contig8,226856,230362,-
PF00069,WBGene00064566,Crem_Contig88,294470,302365,-
PF00069,WBGene00059271,Crem_Contig18,401233,417516,+
PF00069,WBGene00061177,Crem_Contig22,797175,807862,-
PF00069,WBGene00062354,Crem_Contig36,247095,257412,-
PF00069,WBGene00056982,Crem_Contig2,1528084,1551391,-
PF00069,WBGene00066193,Crem_Contig70,40973,49146,+
PF00069,WBGene00065460,Crem_Contig68,349853,352334,+
PF00069,WBGene00068717,Crem_Contig20,293514,304494,-
PF00069,WBGene00057218,Crem_Contig16,1086964,1088435,-
PF00069,WBGene00055179,Crem_Contig507,9691,11879,-
PF00069,WBGene00063254,Crem_Contig45,238457,240937,+
PF00069,WBGene00065258,Crem_Contig31,51617,60459,-
PF00069,WBGene00056511,Crem_Contig2,73150,75805,+
PF00069,WBGene00056434,Crem_Contig4,182982,184782,+
PF00069,WBGene00051910,Crem_Contig0,3552446,3557402,-
PF00069,WBGene00061201,Crem_Contig22,618210,623109,-
PF00069,WBGene00075402,Crem_Contig5517,478,2018,+
PF00069,WBGene00063284,Crem_Contig45,459677,461445,-
PF00069,WBGene00059487,Crem_Contig19,409860,412708,+
PF00069,WBGene00066584,Crem_Contig11,1204363,1205890,+
PF00069,WBGene00055036,Crem_Contig7,1492210,1493752,-
PF00069,WBGene00051581,Crem_Contig0,1817866,1820886,+
PF00069,WBGene00056324,Crem_Contig4,581701,591049,+
PF00069,WBGene00065262,Crem_Contig31,72925,75883,-
PF00069,WBGene00054795,Crem_Contig7,597232,599661,-
PF00069,WBGene00061262,Crem_Contig22,196789,199386,+
PF00069,WBGene00081870,Crem_Contig25,68781,73777,+
PF00069,WBGene00068496,Crem_Contig23,637293,638387,-
PF00069,WBGene00070630,Crem_Contig167,57961,59866,+
PF00069,WBGene00083884,Crem_Contig45,624512,626662,+
PF00069,WBGene00058813,Crem_Contig8,1403700,1414919,-
PF00069,WBGene00064827,Crem_Contig47,399215,402564,+
PF00069,WBGene00053397,Crem_Contig1,2461083,2465664,+
PF00069,WBGene00057431,Crem_Contig17,509660,511329,+
PF00069,WBGene00060965,Crem_Contig34,477920,480636,+
PF00069,WBGene00065372,Crem_Contig66,284139,286477,-
PF00069,WBGene00063086,Crem_Contig40,507913,511033,+
PF00069,WBGene00071377,Crem_Contig154,2168,3703,-
PF00069,WBGene00059662,Crem_Contig42,240314,248677,-
PF00069,WBGene00061799,Crem_Contig28,634770,640613,-
PF00069,WBGene00068031,Crem_Contig103,152866,162037,-
PF00069,WBGene00072381,Crem_Contig70,431332,435157,-
PF00069,WBGene00068948,Crem_Contig139,53930,57427,-
PF00069,WBGene00069244,Crem_Contig137,27850,30953,-
PF00069,WBGene00056396,Crem_Contig4,318661,320875,+
PF00069,WBGene00053032,Crem_Contig13,650900,652989,+
PF00069,WBGene00057433,Crem_Contig17,506044,509125,+
PF00069,WBGene00068847,Crem_Contig48,722854,723953,+
PF00069,WBGene00058467,Crem_Contig15,105961,108527,-
PF00069,WBGene00066763,Crem_Contig135,122934,127506,-
PF00069,WBGene00063140,Crem_Contig50,120774,126938,+
PF00069,WBGene00058208,Crem_Contig15,1447792,1454050,+
PF00069,WBGene00066328,Crem_Contig67,131138,163763,-
PF00069,WBGene00051849,Crem_Contig0,3214288,3217025,-
PF00069,WBGene00064561,Crem_Contig88,242830,248075,-
PF00069,WBGene00075233,Crem_Contig2115,4419,5683,-
PF00069,WBGene00059431,Crem_Contig19,169946,171500,+
PF00069,WBGene00063150,Crem_Contig50,181800,188286,+
PF00069,WBGene00055748,Crem_Contig12,759573,761097,-
PF00069,WBGene00056231,Crem_Contig4,954063,956305,-
PF00069,WBGene00055850,Crem_Contig12,1145884,1161432,+
PF00069,WBGene00053662,Crem_Contig1,1447708,1454056,-
PF00069,WBGene00060914,Crem_Contig34,225406,227624,+
PF00069,WBGene00063614,Crem_Contig33,6257,9695,+
PF00069,WBGene00072141,Crem_Contig203,20652,51860,-
PF00069,WBGene00072732,Crem_Contig86,29956,34955,+
PF00069,WBGene00057663,Crem_Contig51,291781,294388,+
PF00069,WBGene00059426,Crem_Contig19,165975,169578,+
PF00069,WBGene00062396,Crem_Contig36,421208,422479,+
PF00069,WBGene00059435,Crem_Contig19,194321,202395,+
PF00069,WBGene00074679,Crem_Contig1418,495,4916,-
PF00069,WBGene00057383,Crem_Contig17,724414,727197,+
PF00069,WBGene00056026,Crem_Contig4,1775620,1778377,+
PF00069,WBGene00052407,Crem_Contig5,713058,715503,-
PF00069,WBGene00060568,Crem_Contig11,924445,927229,+
PF00069,WBGene00066652,Crem_Contig96,81709,95285,-
PF00069,WBGene00055380,Crem_Contig10,1115644,1123707,+
PF00069,WBGene00052227,Crem_Contig8,1972304,1975096,-
PF00069,WBGene00072457,Crem_Contig357,6400,12056,+
PF00069,WBGene00082853,Crem_Contig33,2297,5354,+
PF00069,WBGene00057457,Crem_Contig17,434177,440080,+
PF00069,WBGene00076059,Crem_Contig19,163055,165471,+
PF00069,WBGene00075246,Crem_Contig19,508282,517246,+
PF00069,WBGene00059508,Crem_Contig19,518978,528246,+
PF00069,WBGene00061265,Crem_Contig22,178767,183213,-
PF00069,WBGene00060813,Crem_Contig102,97523,103966,+
PF00069,WBGene00055396,Crem_Contig10,1219017,1222811,-
PF00069,WBGene00080761,Crem_Contig198,14295,18785,-
PF00069,WBGene00051944,Crem_Contig0,3735058,3737060,+
PF00069,WBGene00062179,Crem_Contig3,684915,687041,-
PF00069,WBGene00073084,Crem_Contig1017,7141,8180,+
PF00069,WBGene00067114,Crem_Contig212,10439,15371,-
PF00069,WBGene00066362,Crem_Contig67,14705,16298,-
PF00069,WBGene00058522,Crem_Contig27,179889,181557,-
PF00069,WBGene00073854,Crem_Contig767,8697,9768,-
PF00069,WBGene00074390,Crem_Contig1396,181,5113,-
PF00069,WBGene00077334,Crem_Contig25,387850,394909,+
PF00069,WBGene00051124,Crem_Contig63,139828,141142,+
PF00069,WBGene00056142,Crem_Contig4,1304715,1307429,-
PF00069,WBGene00080768,Crem_Contig198,91788,93653,+
PF00069,WBGene00058472,Crem_Contig15,90729,95391,+
PF00069,WBGene00078397,Crem_Contig11,1322975,1324788,+
PF00069,WBGene00069598,Crem_Contig33,690283,698995,-
PF00069,WBGene00070753,Crem_Contig329,7509,9152,-
PF00069,WBGene00058466,Crem_Contig15,109665,115250,-
PF00069,WBGene00071469,Crem_Contig329,21824,24199,-
PF00069,WBGene00062984,Crem_Contig40,133766,139209,-
PF00069,WBGene00055044,Crem_Contig7,1525239,1537036,-
PF00069,WBGene00060024,Crem_Contig9,781754,784114,+
PF00069,WBGene00053578,Crem_Contig1,1777103,1778588,+
PF00069,WBGene00073314,Crem_Contig707,1665,4381,+
PF00069,WBGene00051038,Crem_Contig93,325664,328205,-
PF00069,WBGene00077288,Crem_Contig25,245925,251658,+
PF00069,WBGene00080209,Crem_Contig17,937094,938977,+
PF00069,WBGene00060174,Crem_Contig24,377109,381721,+
PF00069,WBGene00051077,Crem_Contig63,409386,410779,-
PF00069,WBGene00071109,Crem_Contig141,65457,80358,+
PF00069,WBGene00064686,Crem_Contig30,108496,109511,-
PF00069,WBGene00053323,Crem_Contig1,2735613,2738690,-
PF00069,WBGene00060750,Crem_Contig73,178952,179919,-
PF00069,WBGene00070658,Crem_Contig56,363333,366039,+
PF00069,WBGene00084932,Crem_Contig63,411652,412967,-
PF00069,WBGene00066591,Crem_Contig11,1236799,1242742,-
PF00069,WBGene00053839,Crem_Contig1,651331,652403,+
PF00069,WBGene00062643,Crem_Contig20,1201794,1212857,-
PF00069,WBGene00051250,Crem_Contig0,228857,231752,-
PF00069,WBGene00066917,Crem_Contig31,902782,903750,+
PF00069,WBGene00063146,Crem_Contig50,156360,158217,-
PF00069,WBGene00055628,Crem_Contig12,335677,342751,-
PF00069,WBGene00070664,Crem_Contig56,433138,435604,-
PF00069,WBGene00051684,Crem_Contig0,2356659,2359593,-
PF00069,WBGene00054873,Crem_Contig7,930038,931948,+
PF00069,WBGene00073729,Crem_Contig1122,1077,5452,+
PF00069,WBGene00066137,Crem_Contig74,455940,456920,+
PF00069,WBGene00051078,Crem_Contig63,407158,408162,-
PF00069,WBGene00071200,Crem_Contig20,9639,11885,+
PF00069,WBGene00051076,Crem_Contig171,1206,2354,-
PF00069,WBGene00057795,Crem_Contig3,1993489,1994577,+
PF00069,WBGene00063299,Crem_Contig45,628940,630020,+
PF00069,WBGene00062706,Crem_Contig19,1125132,1145201,-
PF00069,WBGene00051126,Crem_Contig63,124005,133338,+
PF00069,WBGene00071702,Crem_Contig272,16245,17760,+
PF00069,WBGene00057797,Crem_Contig3,1990227,1991353,-
PF00069,WBGene00071701,Crem_Contig272,10790,14173,-
PF00069,WBGene00074294,Crem_Contig43,311494,314034,+
PF00069,WBGene00071729,Crem_Contig141,205997,207481,+
PF00069,WBGene00079902,Crem_Contig16,479067,482722,+
PF00069,WBGene00064883,Crem_Contig47,172596,175031,+
PF00069,WBGene00055445,Crem_Contig10,1421317,1424263,-
PF00069,WBGene00052123,Crem_Contig8,1553179,1558692,-
PF00069,WBGene00068860,Crem_Contig48,591375,593846,-
PF00069,WBGene00067793,Crem_Contig44,372479,374613,-
PF00069,WBGene00083834,Crem_Contig45,627141,628247,+
PF00069,WBGene00053653,Crem_Contig1,1490156,1497284,+
PF00069,WBGene00072452,Crem_Contig543,3150,4001,-
PF00069,WBGene00080010,Crem_Contig16,493503,496742,+
PF00069,WBGene00055661,Crem_Contig12,456246,460011,+
PF00069,WBGene00051324,Crem_Contig0,582069,583350,-
PF00069,WBGene00053764,Crem_Contig1,934029,935035,-
PF00069,WBGene00074416,Crem_Contig1875,9370,12721,-
PF00069,WBGene00072194,Crem_Contig300,23883,26371,-
PF00069,WBGene00073085,Crem_Contig767,3619,7265,-
PF00069,WBGene00067073,Crem_Contig115,182251,185653,+
PF00069,WBGene00067256,Crem_Contig172,126623,129848,-
PF00069,WBGene00054729,Crem_Contig7,382472,386415,+
PF00069,WBGene00058289,Crem_Contig15,1064374,1068413,-
PF00069,WBGene00051380,Crem_Contig0,915303,916909,-
PF00069,WBGene00070981,Crem_Contig222,86606,88793,+
PF00069,WBGene00068648,Crem_Contig212,144409,147711,+
PF00069,WBGene00051869,Crem_Contig0,3314493,3318361,+
PF00069,WBGene00072279,Crem_Contig182,167510,173000,-
PF00069,WBGene00069298,Crem_Contig235,49890,54446,-
PF00069,WBGene00071457,Crem_Contig264,84542,85591,+
PF00069,WBGene00054656,Crem_Contig7,54872,57679,+
PF00069,WBGene00062180,Crem_Contig3,687985,689319,-
PF00069,WBGene00070754,Crem_Contig198,695,1636,+
PF00069,WBGene00070305,Crem_Contig142,179667,196790,+
PF00069,WBGene00054233,Crem_Contig6,1019305,1022771,-
PF00069,WBGene00054206,Crem_Contig6,1111916,1114320,+
PF00069,WBGene00069375,Crem_Contig157,10967,18213,+
PF00069,WBGene00060749,Crem_Contig73,175486,176479,-
PF00069,WBGene00057221,Crem_Contig16,1078037,1080859,+
PF00069,WBGene00070334,Crem_Contig131,196896,203566,-
PF00069,WBGene00079866,Crem_Contig16,776951,778663,+
PF00069,WBGene00060877,Crem_Contig34,50895,54737,-
PF00069,WBGene00060274,Crem_Contig24,802634,807186,+
PF00069,WBGene00051621,Crem_Contig0,2020660,2023096,-
PF00069,WBGene00070983,Crem_Contig222,99180,100404,+
PF00069,WBGene00066843,Crem_Contig29,178861,182995,+
PF00069,WBGene00051750,Crem_Contig0,2621462,2624732,-
PF00069,WBGene00057178,Crem_Contig16,1287941,1289276,-
PF00069,WBGene00072584,Crem_Contig391,16,650,+
PF00069,WBGene00060394,Crem_Contig11,338952,340667,-
PF00069,WBGene00072882,Crem_Contig1170,4473,16600,+
PF00069,WBGene00075636,Crem_Contig111,193683,196329,-
PF00069,WBGene00056248,Crem_Contig4,866418,867868,-
PF00069,WBGene00051769,Crem_Contig0,2722509,2723923,+
PF00069,WBGene00069424,Crem_Contig83,117609,120285,-
PF00069,WBGene00058562,Crem_Contig27,364145,368420,-
PF00069,WBGene00061636,Crem_Contig28,37905,39757,+
PF00069,WBGene00070500,Crem_Contig11,41395,43814,+
PF00069,WBGene00053791,Crem_Contig1,830928,844895,+
PF00069,WBGene00059884,Crem_Contig9,1329919,1331924,+
PF00069,WBGene00085858,Crem_Contig82,394308,396076,-
PF00069,WBGene00066171,Crem_Contig74,93488,102864,+
PF00069,WBGene00056350,Crem_Contig4,481471,482743,-
PF00069,WBGene00057188,Crem_Contig16,1236524,1250334,+
PF00069,WBGene00056375,Crem_Contig4,417369,418816,+
PF00069,WBGene00060015,Crem_Contig9,822535,824416,+
PF00069,WBGene00064570,Crem_Contig127,6480,12225,-
PF00069,WBGene00060420,Crem_Contig11,416316,418878,-
PF00069,WBGene00052009,Crem_Contig0,4024412,4029360,-
PF00069,WBGene00051063,Crem_Contig171,68724,76572,+
PF00069,WBGene00056266,Crem_Contig4,819287,821295,-
PF00069,WBGene00057517,Crem_Contig17,230741,232311,+
PF00069,WBGene00069413,Crem_Contig83,225352,233748,+
PF00069,WBGene00064849,Crem_Contig47,321049,324220,+
PF00069,WBGene00069372,Crem_Contig157,1070,2519,+
PF00069,WBGene00062367,Crem_Contig36,340702,342701,+
PF00069,WBGene00056453,Crem_Contig4,114743,118186,-
PF00069,WBGene00059906,Crem_Contig9,1243782,1247188,+
PF00069,WBGene00055843,Crem_Contig12,1109616,1111213,+
PF00069,WBGene00079959,Crem_Contig16,488745,490241,+
PF00069,WBGene00055099,Crem_Contig7,1744389,1750100,-
PF00069,WBGene00085875,Crem_Contig83,112214,114279,-
PF00069,WBGene00067008,Crem_Contig20,1046347,1050445,+
PF00069,WBGene00062301,Crem_Contig36,38813,40710,+
PF00069,WBGene00058433,Crem_Contig15,298925,311342,-
PF00069,WBGene00072591,Crem_Contig75,379526,381210,+
PF00069,WBGene00065095,Crem_Contig64,28215,55387,+
PF00069,WBGene00084775,Crem_Contig6,1011120,1014265,-
PF00069,WBGene00060088,Crem_Contig9,541211,542970,+
PF00069,WBGene00070985,Crem_Contig222,109236,110632,-
PF00069,WBGene00078647,Crem_Contig118,198936,200071,+
PF00069,WBGene00057068,Crem_Contig89,174655,179069,+
PF00069,WBGene00072626,Crem_Contig388,9718,11481,+
PF00069,WBGene00052702,Crem_Contig5,1714630,1720876,-
PF00069,WBGene00064260,Crem_Contig9,344353,346112,-
PF00069,WBGene00056239,Crem_Contig4,909270,911470,-
PF00069,WBGene00086280,Crem_Contig93,329080,330818,-
PF00069,WBGene00051930,Crem_Contig0,3678832,3684139,-
PF00069,WBGene00066635,Crem_Contig292,36851,44920,+
PF00069,WBGene00056194,Crem_Contig4,1070226,1071884,+
PF00069,WBGene00053346,Crem_Contig1,2662424,2664231,+
PF00069,WBGene00083007,Crem_Contig35,654973,660354,-
PF00069,WBGene00070106,Crem_Contig25,977166,982033,+
PF00069,WBGene00058602,Crem_Contig27,560077,562488,+
PF00069,WBGene00085838,Crem_Contig82,323478,326217,-
PF00069,WBGene00071225,Crem_Contig20,97770,99222,+
PF00069,WBGene00072494,Crem_Contig20,88659,90111,+
PF00069,WBGene00056274,Crem_Contig4,779678,781347,-
PF00069,WBGene00075854,Crem_Contig2655,432,1868,+
PF00069,WBGene00055882,Crem_Contig12,1244021,1245998,-
PF00069,WBGene00079953,Crem_Contig16,822529,826134,+
PF00069,WBGene00074422,Crem_Contig1160,8313,9191,-
PF00069,WBGene00082803,Crem_Contig326,49743,51784,-
PF00069,WBGene00051480,Crem_Contig0,1402104,1406560,-
PF00069,WBGene00071199,Crem_Contig20,37,2611,+
PF00069,WBGene00062263,Crem_Contig39,6755,23486,+
PF00069,WBGene00058366,Crem_Contig15,674418,679842,+
PF00069,WBGene00059828,Crem_Contig9,1522050,1526955,+
PF00069,WBGene00058926,Crem_Contig8,959464,964573,+
PF00069,WBGene00065503,Crem_Contig72,158929,162236,+
PF00069,WBGene00062976,Crem_Contig40,103834,105699,+
PF00069,WBGene00081248,Crem_Contig212,112023,113524,+
PF00069,WBGene00066571,Crem_Contig11,1140025,1141762,-
PF00069,WBGene00070744,Crem_Contig198,104544,109125,-
PF00069,WBGene00058806,Crem_Contig43,705208,711569,+
PF00069,WBGene00051040,Crem_Contig93,337985,339610,-
PF00069,WBGene00066692,Crem_Contig48,293857,294923,+
PF00069,WBGene00051039,Crem_Contig93,333746,335230,-
PF00069,WBGene00051521,Crem_Contig0,1570418,1572346,-
PF00069,WBGene00077914,Crem_Contig0,917462,918963,-
PF00069,WBGene00067239,Crem_Contig172,5794,13542,-
PF00069,WBGene00055328,Crem_Contig10,874707,885140,-
PF00069,WBGene00069568,Crem_Contig44,645374,651653,+
PF00069,WBGene00057248,Crem_Contig16,889913,893048,+
PF00069,WBGene00062774,Crem_Contig19,930825,932502,-
PF00069,WBGene00074176,Crem_Contig638,2092,3769,-
PF00069,WBGene00052632,Crem_Contig5,1518547,1520255,+
PF00069,WBGene00056314,Crem_Contig4,624311,626291,-
PF00069,WBGene00061675,Crem_Contig28,184328,186785,+
PF00069,WBGene00070886,Crem_Contig269,37797,40811,+
PF00069,WBGene00053840,Crem_Contig1,644481,646662,+
PF00069,WBGene00055694,Crem_Contig12,544765,547656,-
PF00069,WBGene00068744,Crem_Contig122,74331,76257,+
PF00069,WBGene00056366,Crem_Contig4,440689,449244,+
PF00069,WBGene00053258,Crem_Contig1,2984956,2986375,+
PF00069,WBGene00072580,Crem_Contig391,18499,19776,+
PF00069,WBGene00072988,Crem_Contig150,33435,37736,+
PF00069,WBGene00059599,Crem_Contig75,249837,252636,+
PF00069,WBGene00059844,Crem_Contig9,1485274,1487298,+
PF00069,WBGene00055758,Crem_Contig12,801192,803224,-
PF00069,WBGene00073091,Crem_Contig369,5295,6926,-
PF00069,WBGene00081245,Crem_Contig212,136188,137112,+
PF00069,WBGene00066129,Crem_Contig65,63593,65427,+
PF00069,WBGene00055945,Crem_Contig4,2088777,2090890,+
PF00069,WBGene00068481,Crem_Contig11,1330538,1332824,-
PF00069,WBGene00052195,Crem_Contig8,1848511,1854156,+
PF00069,WBGene00058768,Crem_Contig43,492588,496701,-
PF00069,WBGene00068478,Crem_Contig11,1319345,1321257,+
PF00069,WBGene00061754,Crem_Contig28,457136,464569,+
PF00069,WBGene00055263,Crem_Contig239,50698,53562,+
PF00069,WBGene00083045,Crem_Contig351,4153,4866,+
PF00069,WBGene00072583,Crem_Contig391,4093,6731,-
PF00069,WBGene00077022,Crem_Contig62,209525,215730,+
PF00069,WBGene00071819,Crem_Contig103,383653,391180,-
PF00069,WBGene00071172,Crem_Contig136,252691,255572,-
PF00069,WBGene00069422,Crem_Contig83,124751,126753,+
PF00069,WBGene00051683,Crem_Contig0,2354785,2356279,-
PF00069,WBGene00057412,Crem_Contig17,575072,578017,+
PF00069,WBGene00053715,Crem_Contig1,1182093,1183950,-
PF00069,WBGene00068254,Crem_Contig81,198545,199755,-
PF00069,WBGene00055633,Crem_Contig12,354987,360248,-
PF00069,WBGene00053716,Crem_Contig1,1179588,1181496,-
PF00069,WBGene00071458,Crem_Contig264,67139,67728,-
PF00069,WBGene00064925,Crem_Contig29,472794,477934,-
PF00069,WBGene00082658,Crem_Contig31,218126,218817,+
PF00069,WBGene00061610,Crem_Contig21,68424,69701,+
PF00069,WBGene00058168,Crem_Contig15,1707667,1710221,+
PF00069,WBGene00056330,Crem_Contig4,556204,557547,+
PF00069,WBGene00054054,Crem_Contig6,1683041,1685481,-
PF00069,WBGene00056595,Crem_Contig2,335878,337795,+
PF00069,WBGene00072611,Crem_Contig340,15921,17542,-
PF00069,WBGene00060392,Crem_Contig11,313127,320998,-
PF00069,WBGene00072273,Crem_Contig182,128396,134518,+
PF00069,WBGene00058375,Crem_Contig15,652515,656875,+
PF00069,WBGene00072219,Crem_Contig701,2405,4364,-
PF00069,WBGene00082952,Crem_Contig341,21345,23715,-
PF00069,WBGene00072945,Crem_Contig449,1538,3462,-
PF00069,WBGene00057100,Crem_Contig89,65461,66694,+
PF00069,WBGene00081210,Crem_Contig21,90850,92073,-
PF00069,WBGene00068745,Crem_Contig122,88769,92373,+
PF00069,WBGene00059041,Crem_Contig8,429683,433889,-
PF00069,WBGene00056596,Crem_Contig2,337926,339157,-
PF00069,WBGene00073956,Crem_Contig7185,597,1342,-
PF00069,WBGene00059514,Crem_Contig19,537603,541187,+
PF00069,WBGene00068649,Crem_Contig212,115311,125706,+
PF00069,WBGene00071462,Crem_Contig264,4220,6949,+
PF00069,WBGene00054697,Crem_Contig7,282410,283700,+
PF00069,WBGene00060352,Crem_Contig230,126708,130054,+
PF00069,WBGene00084503,Crem_Contig56,542789,543367,-
PF00069,WBGene00079814,Crem_Contig16,256867,260054,+
PF00069,WBGene00078387,Crem_Contig11,1321624,1322672,+
PF00069,WBGene00053035,Crem_Contig13,656211,661035,-
PF00069,WBGene00057399,Crem_Contig17,662667,670196,+
PF00069,WBGene00078095,Crem_Contig100,215238,216620,-
PF00069,WBGene00084770,Crem_Contig6,1097464,1098490,-
PF00069,WBGene00057972,Crem_Contig3,1344897,1352817,+
PF00069,WBGene00085815,Crem_Contig818,2134,2552,+
PF00069,WBGene00068441,Crem_Contig106,56579,59424,+
PF00069,WBGene00054466,Crem_Contig6,109120,112282,+
PF00069,WBGene00053920,Crem_Contig1,286111,287064,+
PF00069,WBGene00085318,Crem_Contig71,177151,178623,-
PF00069,WBGene00063383,Crem_Contig874,5816,9444,-
PF00069,WBGene00054130,Crem_Contig6,1390503,1391705,+
PF00069,WBGene00053069,Crem_Contig13,771097,772302,-
PF00069,WBGene00061608,Crem_Contig21,93254,96234,-
PF00069,WBGene00057189,Crem_Contig16,1224047,1231855,-
PF00069,WBGene00062874,Crem_Contig38,532350,535034,+
PF00069,WBGene00078725,Crem_Contig12,1172984,1174215,+
PF00069,WBGene00077103,Crem_Contig1226,696,1061,+
PF00069,WBGene00068997,Crem_Contig77,102034,103425,+
PF00069,WBGene00082807,Crem_Contig326,56562,58966,+
PF00069,WBGene00062397,Crem_Contig36,423027,424535,+
PF00069,WBGene00073513,Crem_Contig2511,5088,5672,-
PF00069,WBGene00069753,Crem_Contig136,75997,78152,-
PF00069,WBGene00053682,Crem_Contig1,1348003,1349614,-
PF00069,WBGene00062429,Crem_Contig36,576396,579199,+
PF00069,WBGene00059125,Crem_Contig8,141115,145621,+
PF00069,WBGene00055472,Crem_Contig10,1516918,1518936,-
PF00069,WBGene00066746,Crem_Contig80,357694,360903,-
PF00069,WBGene00064299,Crem_Contig9,184307,186298,+
PF00069,WBGene00063840,Crem_Contig126,150981,152475,-
PF00069,WBGene00073571,Crem_Contig482,28812,31755,+
PF00069,WBGene00062605,Crem_Contig20,1037395,1040268,+
PF00069,WBGene00082820,Crem_Contig329,39140,39731,-
PF00069,WBGene00063628,Crem_Contig235,37536,45035,+
PF00069,WBGene00057686,Crem_Contig51,378224,379512,-
PF00069,WBGene00084360,Crem_Contig52,138927,142076,+
PF00069,WBGene00084543,Crem_Contig56,526003,531388,-
PF00069,WBGene00058624,Crem_Contig27,675097,678478,-
PF00069,WBGene00078108,Crem_Contig100,219113,220688,-
PF00069,WBGene00056342,Crem_Contig4,517700,518735,-
PF00069,WBGene00070644,Crem_Contig167,980,3964,+
PF00069,WBGene00068083,Crem_Contig14,873334,878331,-
PF00069,WBGene00066586,Crem_Contig11,1212627,1215227,-
PF00069,WBGene00061573,Crem_Contig21,364533,369612,-
PF00069,WBGene00071833,Crem_Contig549,2839,9051,-
PF00069,WBGene00064262,Crem_Contig9,334889,338090,-
PF00069,WBGene00067032,Crem_Contig94,338314,346326,-
PF00069,WBGene00082953,Crem_Contig341,17657,19118,+
PF00069,WBGene00058374,Crem_Contig15,659040,659911,+
PF00069,WBGene00069307,Crem_Contig235,4926,19785,+
PF00069,WBGene00051670,Crem_Contig0,2279345,2282553,-
PF00069,WBGene00072424,Crem_Contig296,51505,61495,-
PF00069,WBGene00075335,Crem_Contig1808,2062,5609,-
PF00069,WBGene00060301,Crem_Contig24,940098,941307,-
PF00069,WBGene00069305,Crem_Contig235,20069,31984,+
PF00069,WBGene00059372,Crem_Contig18,14407,18419,-
PF00069,WBGene00053938,Crem_Contig1,216532,218991,-
PF00069,WBGene00053072,Crem_Contig13,777028,781783,+
PF00069,WBGene00069301,Crem_Contig2,2338773,2350366,+
PF00069,WBGene00069752,Crem_Contig136,71266,73398,-
PF00069,WBGene00083369,Crem_Contig391,16504,16901,+
PF00069,WBGene00066237,Crem_Contig70,248050,250132,-
PF00069,WBGene00052935,Crem_Contig13,343300,344891,-
PF00069,WBGene00060468,Crem_Contig11,589421,590809,-
PF00069,WBGene00058445,Crem_Contig15,228892,231477,-
PF00069,WBGene00071564,Crem_Contig56,514915,515698,-
PF00069,WBGene00086373,Crem_Contig96,170068,171794,-
PF00069,WBGene00078167,Crem_Contig1017,128,426,-
PF00069,WBGene00059818,Crem_Contig25,828729,832991,+
PF00069,WBGene00055543,Crem_Contig12,57663,59120,-
PF00069,WBGene00074251,Crem_Contig779,11458,12660,+
PF00069,WBGene00074375,Crem_Contig1429,1149,1749,+
PF00069,WBGene00054174,Crem_Contig6,1250422,1251980,+
PF00069,WBGene00066950,Crem_Contig31,649505,651064,+
PF00069,WBGene00064359,Crem_Contig52,142319,146606,+
PF00069,WBGene00067519,Crem_Contig101,81824,87002,+
PF00069,WBGene00057163,Crem_Contig16,1331803,1334122,-
PF00069,WBGene00061856,Crem_Contig35,502815,506305,-
PF00069,WBGene00072303,Crem_Contig323,26685,31125,-
PF00069,WBGene00051903,Crem_Contig0,3513419,3516243,-
PF00069,WBGene00074765,Crem_Contig1272,6438,7737,-
PF00069,WBGene00063939,Crem_Contig44,12955,16586,+
PF00069,WBGene00076776,Crem_Contig1665,4662,6343,+
PF00069,WBGene00058672,Crem_Contig43,1050,3379,+
PF00069,WBGene00059497,Crem_Contig19,454981,458576,+
PF00069,WBGene00070885,Crem_Contig269,44013,45522,-
PF00069,WBGene00056430,Crem_Contig4,197968,200086,-
PF00069,WBGene00084973,Crem_Contig64,327334,331797,+
PF00069,WBGene00052550,Crem_Contig5,1208356,1209475,+
PF00069,WBGene00073702,Crem_Contig122,29629,32835,+
PF00069,WBGene00057377,Crem_Contig17,735056,737254,-
PF00069,WBGene00070742,Crem_Contig198,118141,119181,-
PF00069,WBGene00062416,Crem_Contig36,522375,523391,-
PF00069,WBGene00063050,Crem_Contig40,383312,384423,-
PF00069,WBGene00060354,Crem_Contig230,136237,137238,+
PF00069,WBGene00059946,Crem_Contig9,1110082,1111411,-
PF00069,WBGene00054452,Crem_Contig6,200453,208488,-
PF00069,WBGene00084538,Crem_Contig56,431044,431527,-
PF00069,WBGene00055647,Crem_Contig12,406172,407537,+
PF00069,WBGene00061340,Crem_Contig32,549078,558719,+
PF00069,WBGene00069640,Crem_Contig158,174550,177210,+
PF00069,WBGene00070007,Crem_Contig82,169452,177726,-
PF00069,WBGene00061708,Crem_Contig28,302589,303866,+
PF00069,WBGene00073622,Crem_Contig1360,5766,9856,+
PF00069,WBGene00056143,Crem_Contig4,1300906,1304336,+
PF00069,WBGene00052510,Crem_Contig5,1061729,1065628,-
PF00069,WBGene00053419,Crem_Contig1,2401887,2403879,+
PF00069,WBGene00062435,Crem_Contig36,591376,592546,-
PF00069,WBGene00063561,Crem_Contig33,244010,248725,+
PF00069,WBGene00055761,Crem_Contig12,811070,812253,+
PF00069,WBGene00075577,Crem_Contig1411,1,6091,-
PF00069,WBGene00060947,Crem_Contig34,392986,394843,-
PF00069,WBGene00071467,Crem_Contig329,12817,17603,+
PF00069,WBGene00060302,Crem_Contig24,942920,944068,-
PF00069,WBGene00059519,Crem_Contig19,560383,561447,+
PF00069,WBGene00072375,Crem_Contig520,2578,3580,+
PF00069,WBGene00054854,Crem_Contig7,859724,861408,+
PF00069,WBGene00052483,Crem_Contig5,973990,977996,-
PF00069,WBGene00074030,Crem_Contig817,4202,5468,+
PF00069,WBGene00062524,Crem_Contig20,746458,747724,+
PF00069,WBGene00053683,Crem_Contig1,1341935,1346175,-
PF00069,WBGene00062696,Crem_Contig19,1183321,1187419,-
PF00069,WBGene00075933,Crem_Contig1005,12359,13614,+
PF00069,WBGene00054161,Crem_Contig6,1281155,1282786,-
PF00069,WBGene00055540,Crem_Contig12,47492,48742,+
PF00069,WBGene00057953,Crem_Contig3,1421291,1422917,+
PF00069,WBGene00058303,Crem_Contig15,997651,1002759,-
PF00069,WBGene00064398,Crem_Contig52,359198,360261,-
PF00069,WBGene00069506,Crem_Contig119,319893,320908,-
PF00069,WBGene00069757,Crem_Contig136,143224,144388,-
PF00069,WBGene00069918,Crem_Contig259,18795,37292,+
PF00069,WBGene00053984,Crem_Contig6,1989151,1991213,-
PF00069,WBGene00084095,Crem_Contig48,712423,712845,-
PF00069,WBGene00081634,Crem_Contig235,700,4735,+
PF00069,WBGene00078145,Crem_Contig101,14756,15109,-
PF00069,WBGene00064290,Crem_Contig9,209764,211035,+
PF00069,WBGene00077279,Crem_Contig25,213076,218690,+
PF00069,WBGene00060067,Crem_Contig9,616564,619443,+
PF00069,WBGene00079481,Crem_Contig146,81033,82238,-
PF00069,WBGene00063043,Crem_Contig40,346236,347521,+
PF00069,WBGene00073022,Crem_Contig18,619315,622682,-
PF00069,WBGene00056284,Crem_Contig4,743074,744700,-
PF00069,WBGene00065290,Crem_Contig31,218881,223508,+
PF00069,WBGene00062810,Crem_Contig19,822182,826390,+
PF00069,WBGene00056633,Crem_Contig2,467703,469046,+
PF00069,WBGene00053126,Crem_Contig13,982073,983514,-
PF00069,WBGene00072944,Crem_Contig449,41628,45166,-
PF00069,WBGene00052340,Crem_Contig5,433693,440364,-
PF00069,WBGene00077393,Crem_Contig80,105034,106669,-
PF00069,WBGene00065270,Crem_Contig31,109528,114672,-
PF00069,WBGene00081465,Crem_Contig23,189590,192094,+
PF00069,WBGene00061765,Crem_Contig28,493875,495674,+
PF00069,WBGene00052886,Crem_Contig13,398113,401957,+
PF00069,WBGene00072445,Crem_Contig48,433636,440860,+
PF00069,WBGene00054453,Crem_Contig6,197524,199971,+
PF00069,WBGene00052955,Crem_Contig13,208643,212149,-
PF00069,WBGene00069377,Crem_Contig157,23428,25323,+
PF00069,WBGene00075046,Crem_Contig61,413330,415019,+
PF00069,WBGene00057495,Crem_Contig17,303658,306875,+
PF00069,WBGene00080617,Crem_Contig1895,5346,7048,-
PF00069,WBGene00083254,Crem_Contig374,543,1217,-
PF00069,WBGene00066949,Crem_Contig31,655278,657629,+
PF00069,WBGene00056240,Crem_Contig4,906556,908054,+
PF00069,WBGene00081074,Crem_Contig201,66928,71051,+
PF00069,WBGene00066920,Crem_Contig31,888038,889107,+
PF00069,WBGene00066918,Crem_Contig31,897484,900369,-
PF05033,WBGene00062974,Crem_Contig40,93239,97991,-
PF05033,WBGene00065102,Crem_Contig64,116933,120275,-
PF05033,WBGene00054625,Crem_Contig14,1010208,1011716,+
PF05033,WBGene00066924,Crem_Contig31,850734,857891,+
PF05033,WBGene00066923,Crem_Contig31,861051,863580,+
PF00076,WBGene00062681,Crem_Contig19,1265646,1268582,-
PF00076,WBGene00073582,Crem_Contig1711,5199,8148,+
PF00076,WBGene00065264,Crem_Contig31,79924,83841,-
PF00076,WBGene00059858,Crem_Contig9,1417017,1419911,+
PF00076,WBGene00057299,Crem_Contig17,992453,994588,-
PF00076,WBGene00067288,Crem_Contig174,35513,42413,+
PF00076,WBGene00059587,Crem_Contig75,181621,184023,+
PF00076,WBGene00073458,Crem_Contig510,4207,15816,+
PF00076,WBGene00070338,Crem_Contig162,159323,170977,-
PF00076,WBGene00063121,Crem_Contig50,20830,23048,-
PF00076,WBGene00061589,Crem_Contig21,246354,256692,-
PF00076,WBGene00053765,Crem_Contig1,932314,933591,+
PF00076,WBGene00062441,Crem_Contig36,609306,611260,+
PF00076,WBGene00076699,Crem_Contig2386,1923,2825,+
PF00076,WBGene00056454,Crem_Contig4,111434,114653,+
PF00076,WBGene00066103,Crem_Contig65,159911,161007,-
PF00076,WBGene00061555,Crem_Contig21,497900,499192,-
PF00076,WBGene00055946,Crem_Contig4,2081798,2084859,+
PF00076,WBGene00063505,Crem_Contig10,37625,38692,-
PF00076,WBGene00070184,Crem_Contig160,205335,206979,+
PF00076,WBGene00070888,Crem_Contig269,19237,20307,-
PF00076,WBGene00071732,Crem_Contig141,242002,243042,+
PF00076,WBGene00070884,Crem_Contig269,58044,59099,+
PF00076,WBGene00067755,Crem_Contig86,178752,185421,-
PF00076,WBGene00065406,Crem_Contig66,42455,46904,-
PF00076,WBGene00054460,Crem_Contig6,184664,187092,-
PF00076,WBGene00074511,Crem_Contig65,126882,129433,+
PF00076,WBGene00062574,Crem_Contig20,908013,911072,-
PF00076,WBGene00064127,Crem_Contig46,506716,509577,-
PF00076,WBGene00055533,Crem_Contig12,22673,26902,+
PF00076,WBGene00059511,Crem_Contig19,531852,533671,-
PF00076,WBGene00059843,Crem_Contig9,1487991,1490339,-
PF00076,WBGene00053568,Crem_Contig1,1800803,1802316,+
PF00076,WBGene00066307,Crem_Contig67,231501,233092,+
PF00076,WBGene00053569,Crem_Contig1,1798239,1799914,-
PF00076,WBGene00055974,Crem_Contig4,1990559,1991345,-
PF00076,WBGene00070790,Crem_Contig378,11439,15483,-
PF00076,WBGene00051716,Crem_Contig0,2464513,2466527,-
PF00076,WBGene00066112,Crem_Contig1062,8087,9044,+
PF00076,WBGene00055967,Crem_Contig4,2006197,2006783,+
PF00076,WBGene00060605,Crem_Contig11,1052659,1055838,+
PF00076,WBGene00061551,Crem_Contig21,520824,523642,-
PF00076,WBGene00079922,Crem_Contig16,75990,78909,+
PF00076,WBGene00055975,Crem_Contig4,1987261,1989145,-
PF00076,WBGene00055968,Crem_Contig4,2004511,2005658,+
PF00076,WBGene00053435,Crem_Contig1,2348396,2351605,-
PF00076,WBGene00083266,Crem_Contig378,15595,17878,-
PF00076,WBGene00059044,Crem_Contig8,407743,409455,-
PF00076,WBGene00053884,Crem_Contig1,424375,425580,-
PF00076,WBGene00069543,Crem_Contig44,573196,574257,+
PF00076,WBGene00069496,Crem_Contig151,157514,159944,-
PF00076,WBGene00059339,Crem_Contig18,126118,127061,+
PF00076,WBGene00071934,Crem_Contig87,39820,41896,-
PF00076,WBGene00061785,Crem_Contig28,596518,597444,-
PF00076,WBGene00073252,Crem_Contig18,132847,134068,+
PF00076,WBGene00054201,Crem_Contig6,1124094,1126734,-
PF00076,WBGene00057380,Crem_Contig17,729559,730933,-
PF00076,WBGene00051908,Crem_Contig0,3540901,3543479,-
PF00076,WBGene00071844,Crem_Contig276,99236,100150,+
PF00076,WBGene00069320,Crem_Contig289,36528,37173,+
PF00076,WBGene00074994,Crem_Contig26,571512,572659,-
PF00076,WBGene00071843,Crem_Contig276,95565,96540,+
PF00076,WBGene00069313,Crem_Contig289,21335,21957,-
PF00076,WBGene00069314,Crem_Contig289,19963,20603,+
PF00076,WBGene00067241,Crem_Contig172,18484,32186,+
PF00076,WBGene00054704,Crem_Contig7,305073,307153,-
PF00076,WBGene00074769,Crem_Contig1286,10020,10986,+
PF00076,WBGene00063020,Crem_Contig40,251461,253171,-
PF00076,WBGene00065835,Crem_Contig57,343584,344170,+
PF00076,WBGene00069317,Crem_Contig289,30786,31620,+
PF00076,WBGene00071996,Crem_Contig232,38057,40003,+
PF00076,WBGene00054020,Crem_Contig6,1795544,1796638,+
PF00076,WBGene00070966,Crem_Contig134,165669,170434,+
PF00076,WBGene00065836,Crem_Contig57,341730,342353,-
PF00076,WBGene00067753,Crem_Contig86,191223,195554,+
PF00076,WBGene00079910,Crem_Contig16,106232,107235,+
PF00076,WBGene00063300,Crem_Contig45,631333,631990,-
PF00076,WBGene00058159,Crem_Contig15,1742587,1746482,+
PF00076,WBGene00065466,Crem_Contig68,405692,406809,-
PF00076,WBGene00073072,Crem_Contig520,9405,10027,+
PF00076,WBGene00069315,Crem_Contig289,22890,23506,+
PF00076,WBGene00053253,Crem_Contig1,2991796,2993487,+
PF00076,WBGene00060090,Crem_Contig9,537291,539145,+
PF00076,WBGene00069316,Crem_Contig289,26900,27538,+
PF00076,WBGene00082930,Crem_Contig34,181792,183554,-
PF00076,WBGene00053430,Crem_Contig1,2369971,2372699,-
PF00076,WBGene00071196,Crem_Contig47,480001,481167,-
PF00076,WBGene00064913,Crem_Contig47,8291,9708,+
PF00076,WBGene00054092,Crem_Contig6,1532745,1533949,-
PF00076,WBGene00052225,Crem_Contig8,1966481,1967794,-
PF00076,WBGene00052469,Crem_Contig5,949503,951253,+
PF00076,WBGene00071179,Crem_Contig47,433429,434442,+
PF00076,WBGene00052823,Crem_Contig5,2156646,2157287,+
PF00076,WBGene00056528,Crem_Contig2,144196,146667,-
PF00076,WBGene00073073,Crem_Contig520,6785,7432,-
PF00076,WBGene00057360,Crem_Contig17,783365,784918,+
PF00076,WBGene00080419,Crem_Contig18,216480,218303,-
PF00076,WBGene00078842,Crem_Contig1238,3677,5297,+
PF00076,WBGene00071728,Crem_Contig141,200359,200904,+
PF00076,WBGene00075582,Crem_Contig2500,787,1434,+
PF00076,WBGene00055886,Crem_Contig12,1261732,1263117,-
PF00076,WBGene00061730,Crem_Contig28,368999,370142,+
PF00076,WBGene00059458,Crem_Contig19,310068,312972,-
PF00076,WBGene00063468,Crem_Contig10,311861,315863,-
PF00076,WBGene00064892,Crem_Contig47,138714,145803,+
PF00076,WBGene00052554,Crem_Contig5,1219889,1225274,+
PF00076,WBGene00060453,Crem_Contig11,558733,560257,+
PF00076,WBGene00070851,Crem_Contig210,1391,7740,-
PF00076,WBGene00052451,Crem_Contig5,881894,883577,+
PF00076,WBGene00056169,Crem_Contig4,1194446,1198286,+
PF00076,WBGene00063997,Crem_Contig61,193223,195023,-
PF00076,WBGene00054275,Crem_Contig6,907916,910605,-
PF00076,WBGene00077355,Crem_Contig80,283154,286759,-
PF00076,WBGene00062607,Crem_Contig20,1042191,1043485,-
PF00076,WBGene00069542,Crem_Contig44,571600,572917,+
PF00076,WBGene00062147,Crem_Contig3,535699,538341,-
PF00076,WBGene00077968,Crem_Contig1,2358167,2359935,-
PF01342,WBGene00071356,Crem_Contig295,7030,11200,-
PF01342,WBGene00054802,Crem_Contig7,635948,637603,-
PF01342,WBGene00059798,Crem_Contig25,756110,759158,+
PF00856,WBGene00062974,Crem_Contig40,93239,97991,-
PF00856,WBGene00051638,Crem_Contig0,2103938,2110561,+
PF00856,WBGene00051274,Crem_Contig0,336548,338184,+
PF00856,WBGene00054625,Crem_Contig14,1010208,1011716,+
PF00856,WBGene00064587,Crem_Contig127,83636,84938,-
PF00856,WBGene00062392,Crem_Contig36,410252,415708,+
PF00856,WBGene00051639,Crem_Contig0,2111412,2113352,+
PF00856,WBGene00055887,Crem_Contig12,1263639,1272412,+
PF00856,WBGene00067802,Crem_Contig44,324619,328114,-
PF00856,WBGene00082227,Crem_Contig28,137367,143629,+
PF00856,WBGene00051272,Crem_Contig0,330631,331666,+
PF00856,WBGene00051270,Crem_Contig0,321243,323230,+
PF00856,WBGene00055491,Crem_Contig10,1595933,1597278,-
PF00856,WBGene00066438,Crem_Contig195,10375,11243,-
PF00856,WBGene00070868,Crem_Contig143,155539,160314,+
PF00856,WBGene00066924,Crem_Contig31,850734,857891,+
PF00856,WBGene00051273,Crem_Contig0,332662,333783,+
PF00856,WBGene00060735,Crem_Contig73,88088,94054,-
PF00856,WBGene00061549,Crem_Contig21,540079,544008,-
PF00856,WBGene00052793,Crem_Contig5,2059335,2063527,-
PF00856,WBGene00066923,Crem_Contig31,861051,863580,+
PF00856,WBGene00051271,Crem_Contig0,327327,328618,+
PF00856,WBGene00067803,Crem_Contig44,320268,323773,-
PF00856,WBGene00069493,Crem_Contig151,145862,149897,+
PF00856,WBGene00054066,Crem_Contig6,1642382,1645072,+
PF00856,WBGene00055046,Crem_Contig7,1541464,1543229,+
PF00856,WBGene00069586,Crem_Contig653,3329,8032,-
PF00856,WBGene00063295,Crem_Contig45,574789,581836,+
PF00856,WBGene00071393,Crem_Contig145,82797,85143,+
PF00856,WBGene00070871,Crem_Contig143,170245,178052,-
PF00856,WBGene00062246,Crem_Contig39,149415,155998,+
PF00856,WBGene00065102,Crem_Contig64,116933,120275,-
PF00856,WBGene00060446,Crem_Contig11,533860,535324,+
PF00856,WBGene00061300,Crem_Contig32,181296,181826,-
PF00856,WBGene00050988,Crem_Contig93,49675,52844,+
PF00856,WBGene00085855,Crem_Contig82,255591,260985,-
PF00856,WBGene00054055,Crem_Contig6,1678940,1680075,+
PF00856,WBGene00065070,Crem_Contig60,106288,107891,+
PF00856,WBGene00060134,Crem_Contig24,131288,133007,+
PF00856,WBGene00062793,Crem_Contig19,863802,866001,-
PF00856,WBGene00075941,Crem_Contig1182,9872,12071,+
PF00856,WBGene00070986,Crem_Contig222,114216,117345,-
PF00856,WBGene00053269,Crem_Contig1,2941469,2942949,-
PF00856,WBGene00071159,Crem_Contig149,171238,174620,-
PF00856,WBGene00052105,Crem_Contig0,4486676,4488721,-
PF00856,WBGene00084954,Crem_Contig64,391026,391683,-
PF00856,WBGene00051808,Crem_Contig0,2980720,2984836,-
PF00856,WBGene00062311,Crem_Contig36,90860,96364,+
PF00856,WBGene00050985,Crem_Contig93,31876,35498,-
PF00856,WBGene00070426,Crem_Contig607,4103,13924,-
PF00856,WBGene00074690,Crem_Contig1559,323,4487,+
PF00176,WBGene00062536,Crem_Contig20,773543,778208,+
PF00176,WBGene00059146,Crem_Contig18,1002048,1006788,-
PF00176,WBGene00054679,Crem_Contig7,189853,191413,+
PF00176,WBGene00066147,Crem_Contig74,329156,334465,-
PF00176,WBGene00055361,Crem_Contig10,1025565,1032112,-
PF00176,WBGene00060432,Crem_Contig11,472591,483398,-
PF00176,WBGene00070761,Crem_Contig182,78633,106473,+
PF00176,WBGene00051852,Crem_Contig0,3230478,3245668,+
PF00176,WBGene00063077,Crem_Contig40,471545,475524,-
PF00176,WBGene00066637,Crem_Contig292,53735,65358,+
PF00176,WBGene00058869,Crem_Contig8,1171243,1177130,+
PF00176,WBGene00059935,Crem_Contig9,1144062,1148076,+
PF00176,WBGene00067096,Crem_Contig115,51985,57974,-
PF00176,WBGene00073538,Crem_Contig731,3754,9745,-
PF00176,WBGene00075984,Crem_Contig5276,240,1553,+
PF00176,WBGene00060430,Crem_Contig11,459995,464642,-
PF00176,WBGene00055754,Crem_Contig12,781860,785320,-
PF00176,WBGene00059796,Crem_Contig25,744948,748056,-
PF00176,WBGene00079961,Crem_Contig16,196380,201982,+
PF00176,WBGene00053636,Crem_Contig1,1561290,1566922,+
PF00176,WBGene00063852,Crem_Contig126,114732,119135,-
PF00176,WBGene00055471,Crem_Contig10,1514393,1516871,+
PF00176,WBGene00074419,Crem_Contig1574,1682,5361,+
PF00176,WBGene00061330,Crem_Contig32,456613,462950,+
PF00176,WBGene00082885,Crem_Contig3331,1327,2136,-
PF00176,WBGene00084479,Crem_Contig55,47190,55134,-
PF05030,WBGene00062405,Crem_Contig36,474293,475160,-
PF01359,WBGene00064205,Crem_Contig110,244551,245579,+
PF01359,WBGene00072948,Crem_Contig45,507164,507595,-
PF01359,WBGene00068437,Crem_Contig106,73573,74601,-
PF01359,WBGene00082383,Crem_Contig2987,90,767,+
PF01359,WBGene00054933,Crem_Contig7,1116995,1118025,+
PF01359,WBGene00085895,Crem_Contig835,1614,2639,+
PF01359,WBGene00084288,Crem_Contig50,480089,480766,+
PF01359,WBGene00070421,Crem_Contig267,69599,70630,-
PF01359,WBGene00077960,Crem_Contig1,653825,654843,-
PF01359,WBGene00080086,Crem_Contig1629,4156,4833,-
PF01359,WBGene00082677,Crem_Contig310,9674,10411,-
PF01359,WBGene00071703,Crem_Contig272,19832,20857,+
PF01359,WBGene00080456,Crem_Contig18,394286,395023,-
PF01359,WBGene00086032,Crem_Contig87,114978,115664,-
PF01359,WBGene00079351,Crem_Contig14,365216,365893,-
PF01359,WBGene00083689,Crem_Contig4253,1000,4184,+
PF01359,WBGene00080483,Crem_Contig180,66400,67317,+
PF01359,WBGene00067932,Crem_Contig53,200667,201404,-
PF01359,WBGene00073593,Crem_Contig188,168090,168966,-
PF01359,WBGene00080951,Crem_Contig2,1363120,1363976,-
PF01359,WBGene00073328,Crem_Contig109,79629,80636,-
PF01359,WBGene00079211,Crem_Contig1382,5221,6247,+
PF01359,WBGene00074334,Crem_Contig1171,4740,7766,-
PF01359,WBGene00066697,Crem_Contig48,385197,399395,+
PF01359,WBGene00079484,Crem_Contig146,37473,38386,+
PF01359,WBGene00082193,Crem_Contig276,85900,86477,+
PF01359,WBGene00080659,Crem_Contig19,272158,273883,-
PF00400,WBGene00054815,Crem_Contig7,678949,680470,-
PF00400,WBGene00066153,Crem_Contig74,264148,266641,+
PF00400,WBGene00061923,Crem_Contig223,213,7748,+
PF00400,WBGene00072034,Crem_Contig331,22256,26367,-
PF00400,WBGene00052887,Crem_Contig13,215231,218068,+
PF00400,WBGene00074460,Crem_Contig1422,4948,6067,-
PF00400,WBGene00065659,Crem_Contig49,335187,336310,+
PF00400,WBGene00058314,Crem_Contig15,967570,969020,-
PF00400,WBGene00054040,Crem_Contig6,1728681,1731890,-
PF00400,WBGene00051990,Crem_Contig0,3959318,3961413,+
PF00400,WBGene00057131,Crem_Contig120,111918,116121,-
PF00400,WBGene00067947,Crem_Contig81,101469,109531,-
PF00400,WBGene00053345,Crem_Contig1,2673390,2678147,+
PF00400,WBGene00060014,Crem_Contig9,824478,826373,-
PF00400,WBGene00062253,Crem_Contig39,111437,118885,-
PF00400,WBGene00067672,Crem_Contig116,243673,247156,+
PF00400,WBGene00083515,Crem_Contig40,453527,454553,-
PF00400,WBGene00068957,Crem_Contig139,147912,150848,+
PF00400,WBGene00062378,Crem_Contig36,366352,371472,+
PF00400,WBGene00056032,Crem_Contig4,1753155,1755228,-
PF00400,WBGene00070256,Crem_Contig200,20712,25190,+
PF00400,WBGene00065087,Crem_Contig60,21570,24392,+
PF00400,WBGene00068831,Crem_Contig268,76606,78560,-
PF00400,WBGene00067698,Crem_Contig107,178514,188474,-
PF00400,WBGene00055640,Crem_Contig12,388636,390244,+
PF00400,WBGene00062791,Crem_Contig19,873711,880816,-
PF00400,WBGene00067243,Crem_Contig172,37884,45348,-
PF00400,WBGene00068987,Crem_Contig77,168759,172235,+
PF00400,WBGene00079936,Crem_Contig16,232961,234316,-
PF00400,WBGene00051832,Crem_Contig0,3105349,3109224,+
PF00400,WBGene00078430,Crem_Contig110,324534,326077,-
PF00400,WBGene00072792,Crem_Contig404,3903,14033,-
PF00400,WBGene00067274,Crem_Contig174,102624,107689,-
PF00400,WBGene00079812,Crem_Contig16,231213,232660,-
PF00400,WBGene00071933,Crem_Contig87,42283,44353,+
PF00400,WBGene00064193,Crem_Contig110,321055,321987,+
PF00400,WBGene00060485,Crem_Contig11,656688,659128,-
PF00400,WBGene00062181,Crem_Contig3,690129,692902,+
PF00400,WBGene00073869,Crem_Contig1027,7,2258,-
PF00400,WBGene00063909,Crem_Contig62,119975,127327,+
PF00400,WBGene00078434,Crem_Contig110,326981,327826,+
PF00397,WBGene00060983,Crem_Contig34,600695,604669,-
PF00397,WBGene00060421,Crem_Contig11,422427,427957,-
PF00397,WBGene00054242,Crem_Contig6,975462,979141,+
PF00397,WBGene00062589,Crem_Contig20,973730,984718,-
PF00397,WBGene00085223,Crem_Contig7,1674618,1678345,-
PF00397,WBGene00071048,Crem_Contig233,86787,89081,+
PF00397,WBGene00066382,Crem_Contig79,135422,158015,+
PF00397,WBGene00054584,Crem_Contig14,1229239,1230317,+
PF00397,WBGene00054872,Crem_Contig7,918837,923800,+
PF00397,WBGene00058424,Crem_Contig15,384907,387016,+
PF00397,WBGene00061703,Crem_Contig28,269280,274110,-
PF00397,WBGene00064607,Crem_Contig127,184682,186066,-
PF00397,WBGene00062392,Crem_Contig36,410252,415708,+
PF00096,WBGene00070720,Crem_Contig219,79936,82934,+
PF00096,WBGene00070757,Crem_Contig182,24539,41700,-
PF00096,WBGene00067201,Crem_Contig95,94024,102990,-
PF00096,WBGene00075169,Crem_Contig9,525261,527356,+
PF00096,WBGene00068463,Crem_Contig55,417557,419963,-
PF00096,WBGene00058577,Crem_Contig27,440813,443169,-
PF00096,WBGene00068999,Crem_Contig77,98069,101197,+
PF00096,WBGene00078344,Crem_Contig109,6265,22623,+
PF00096,WBGene00051333,Crem_Contig0,625835,628021,+
PF00096,WBGene00061189,Crem_Contig22,732842,738187,+
PF00096,WBGene00053681,Crem_Contig1,1350788,1361863,-
PF00096,WBGene00064573,Crem_Contig127,27810,30175,+
PF00096,WBGene00060651,Crem_Contig23,419302,421594,-
PF00096,WBGene00081490,Crem_Contig23,571242,572234,+
PF00096,WBGene00068505,Crem_Contig23,584876,585859,+
PF00096,WBGene00058564,Crem_Contig27,382109,383709,+
PF00096,WBGene00057107,Crem_Contig89,40116,42309,+
PF00096,WBGene00070540,Crem_Contig214,10343,17626,-
PF00096,WBGene00060628,Crem_Contig23,520609,522009,+
